Name,Nick,Archive,Filename,3BV,Level,NF,Time,Timestamp,
JiHeng Jiang G98263,JiHeng Jiang G98263,archive.zip,beg_1434_NF_1649860451.rmv,6,0,1,143,1649860451,
JiHeng Jiang G98263,JiHeng Jiang G98263,archive.zip,beg_1758_NF_1650167684.rmv,8,0,1,175,1650167684,
JiHeng Jiang G98263,JiHeng Jiang G98263,archive.zip,beg_1762_NF_1649859995.rmv,6,0,1,176,1649859995,
JiHeng Jiang G98263,JiHeng Jiang G98263,archive.zip,beg_1822_NF_1649994384.rmv,7,0,1,182,1649994384,
JiHeng Jiang G98263,JiHeng Jiang G98263,archive.zip,beg_1844_NF_1650004366.rmv,7,0,1,184,1650004366,
JiHeng Jiang G98263,JiHeng Jiang G98263,archive.zip,beg_1971_NF_1649863130.rmv,7,0,1,197,1649863130,
JiHeng Jiang G98263,JiHeng Jiang G98263,archive.zip,beg_2012_NF_1649994840.rmv,8,0,1,201,1649994840,
JiHeng Jiang G98263,JiHeng Jiang G98263,archive.zip,beg_2102_NF_1649860469.rmv,8,0,1,210,1649860469,
JiHeng Jiang G98263,JiHeng Jiang G98263,archive.zip,beg_2109_NF_1650167676.rmv,11,0,1,210,1650167676,
JiHeng Jiang G98263,JiHeng Jiang G98263,archive.zip,beg_2111_NF_1649859675.rmv,11,0,1,211,1649859675,
JiHeng Jiang G98263,JiHeng Jiang G98263,archive.zip,beg_2114_NF_1649861280.rmv,10,0,1,211,1649861280,
JiHeng Jiang G98263,JiHeng Jiang G98263,archive.zip,beg_2118_NF_1650091972.rmv,7,0,1,211,1650091972,
JiHeng Jiang G98263,JiHeng Jiang G98263,archive.zip,beg_2141_NF_1649994379.rmv,10,0,1,214,1649994379,
JiHeng Jiang G98263,JiHeng Jiang G98263,archive.zip,beg_2162_NF_1650004211.rmv,12,0,1,216,1650004211,
JiHeng Jiang G98263,JiHeng Jiang G98263,archive.zip,beg_2204_NF_1649860599.rmv,15,0,1,220,1649860599,
JiHeng Jiang G98263,JiHeng Jiang G98263,archive.zip,beg_2211_NF_1649860462.rmv,9,0,1,221,1649860462,
JiHeng Jiang G98263,JiHeng Jiang G98263,archive.zip,beg_2256_NF_1649862790.rmv,13,0,1,225,1649862790,
JiHeng Jiang G98263,JiHeng Jiang G98263,archive.zip,beg_2273_NF_1649994454.rmv,12,0,1,227,1649994454,
JiHeng Jiang G98263,JiHeng Jiang G98263,archive.zip,beg_2285_NF_1650004379.rmv,9,0,1,228,1650004379,
JiHeng Jiang G98263,JiHeng Jiang G98263,archive.zip,beg_2298_FL_1649995360.rmv,8,0,0,229,1649995360,
JiHeng Jiang G98263,JiHeng Jiang G98263,archive.zip,beg_2308_NF_1649994659.rmv,13,0,1,230,1649994659,
JiHeng Jiang G98263,JiHeng Jiang G98263,archive.zip,beg_2315_NF_1649860797.rmv,9,0,1,231,1649860797,
JiHeng Jiang G98263,JiHeng Jiang G98263,archive.zip,beg_2328_NF_1649862824.rmv,13,0,1,232,1649862824,
JiHeng Jiang G98263,JiHeng Jiang G98263,archive.zip,beg_2342_NF_1650167586.rmv,11,0,1,234,1650167586,
JiHeng Jiang G98263,JiHeng Jiang G98263,archive.zip,beg_2346_NF_1649862730.rmv,10,0,1,234,1649862730,
JiHeng Jiang G98263,JiHeng Jiang G98263,archive.zip,beg_2372_NF_1649861058.rmv,13,0,1,237,1649861058,
JiHeng Jiang G98263,JiHeng Jiang G98263,archive.zip,beg_2397_NF_1649995198.rmv,11,0,1,239,1649995198,
JiHeng Jiang G98263,JiHeng Jiang G98263,archive.zip,beg_2434_NF_1649860335.rmv,10,0,1,243,1649860335,
JiHeng Jiang G98263,JiHeng Jiang G98263,archive.zip,beg_2456_FL_1649863181.rmv,11,0,0,245,1649863181,
JiHeng Jiang G98263,JiHeng Jiang G98263,archive.zip,beg_2486_NF_1650004254.rmv,12,0,1,248,1650004254,
JiHeng Jiang G98263,JiHeng Jiang G98263,archive.zip,beg_2499_NF_1649861065.rmv,9,0,1,249,1649861065,
JiHeng Jiang G98263,JiHeng Jiang G98263,archive.zip,beg_2513_NF_1649863151.rmv,16,0,1,251,1649863151,
JiHeng Jiang G98263,JiHeng Jiang G98263,archive.zip,beg_2518_NF_1649862922.rmv,8,0,1,251,1649862922,
JiHeng Jiang G98263,JiHeng Jiang G98263,archive.zip,beg_2525_NF_1650167454.rmv,9,0,1,252,1650167454,
JiHeng Jiang G98263,JiHeng Jiang G98263,archive.zip,beg_2546_NF_1649860339.rmv,11,0,1,254,1649860339,
JiHeng Jiang G98263,JiHeng Jiang G98263,archive.zip,beg_2584_NF_1650004182.rmv,11,0,1,258,1650004182,
JiHeng Jiang G98263,JiHeng Jiang G98263,archive.zip,beg_2591_NF_1649860415.rmv,12,0,1,259,1649860415,
JiHeng Jiang G98263,JiHeng Jiang G98263,archive.zip,beg_2598_NF_1649995285.rmv,11,0,1,259,1649995285,
JiHeng Jiang G98263,JiHeng Jiang G98263,archive.zip,beg_2671_NF_1649994524.rmv,11,0,1,267,1649994524,
JiHeng Jiang G98263,JiHeng Jiang G98263,archive.zip,beg_2683_NF_1650167661.rmv,8,0,1,268,1650167661,
JiHeng Jiang G98263,JiHeng Jiang G98263,archive.zip,beg_2725_NF_1649862836.rmv,8,0,1,272,1649862836,
JiHeng Jiang G98263,JiHeng Jiang G98263,archive.zip,beg_2736_NF_1649860370.rmv,12,0,1,273,1649860370,
JiHeng Jiang G98263,JiHeng Jiang G98263,archive.zip,beg_2768_NF_1650167954.rmv,12,0,1,276,1650167954,
JiHeng Jiang G98263,JiHeng Jiang G98263,archive.zip,beg_2772_NF_1650167513.rmv,15,0,1,277,1650167513,
JiHeng Jiang G98263,JiHeng Jiang G98263,archive.zip,beg_2780_NF_1649862984.rmv,8,0,1,278,1649862984,
JiHeng Jiang G98263,JiHeng Jiang G98263,archive.zip,beg_2782_NF_1649860440.rmv,11,0,1,278,1649860440,
JiHeng Jiang G98263,JiHeng Jiang G98263,archive.zip,beg_2784_FL_1649995142.rmv,13,0,0,278,1649995142,
JiHeng Jiang G98263,JiHeng Jiang G98263,archive.zip,beg_2818_NF_1649860219.rmv,12,0,1,281,1649860219,
JiHeng Jiang G98263,JiHeng Jiang G98263,archive.zip,beg_2866_NF_1649860194.rmv,12,0,1,286,1649860194,
JiHeng Jiang G98263,JiHeng Jiang G98263,archive.zip,beg_2886_NF_1650167520.rmv,10,0,1,288,1650167520,
JiHeng Jiang G98263,JiHeng Jiang G98263,archive.zip,beg_2943_NF_1650004243.rmv,9,0,1,294,1650004243,
JiHeng Jiang G98263,JiHeng Jiang G98263,archive.zip,beg_2959_NF_1650167935.rmv,17,0,1,295,1650167935,
JiHeng Jiang G98263,JiHeng Jiang G98263,archive.zip,beg_2961_NF_1650167537.rmv,12,0,1,296,1650167537,
JiHeng Jiang G98263,JiHeng Jiang G98263,archive.zip,beg_2980_NF_1649861221.rmv,14,0,1,298,1649861221,
JiHeng Jiang G98263,JiHeng Jiang G98263,archive.zip,beg_3049_NF_1649861302.rmv,14,0,1,304,1649861302,
JiHeng Jiang G98263,JiHeng Jiang G98263,archive.zip,beg_3051_NF_1649859853.rmv,14,0,1,305,1649859853,
JiHeng Jiang G98263,JiHeng Jiang G98263,archive.zip,beg_3058_NF_1650167875.rmv,11,0,1,305,1650167875,
JiHeng Jiang G98263,JiHeng Jiang G98263,archive.zip,beg_3098_FL_1650004280.rmv,16,0,0,309,1650004280,
JiHeng Jiang G98263,JiHeng Jiang G98263,archive.zip,beg_3127_NF_1649860502.rmv,11,0,1,312,1649860502,
JiHeng Jiang G98263,JiHeng Jiang G98263,archive.zip,beg_3131_FL_1649995370.rmv,11,0,0,313,1649995370,
JiHeng Jiang G98263,JiHeng Jiang G98263,archive.zip,beg_3142_NF_1649860152.rmv,18,0,1,314,1649860152,
JiHeng Jiang G98263,JiHeng Jiang G98263,archive.zip,beg_3158_NF_1650004412.rmv,17,0,1,315,1650004412,
JiHeng Jiang G98263,JiHeng Jiang G98263,archive.zip,beg_3172_NF_1649861320.rmv,16,0,1,317,1649861320,
JiHeng Jiang G98263,JiHeng Jiang G98263,archive.zip,beg_3177_NF_1649859866.rmv,12,0,1,317,1649859866,
JiHeng Jiang G98263,JiHeng Jiang G98263,archive.zip,beg_3222_NF_1649860592.rmv,13,0,1,322,1649860592,
JiHeng Jiang G98263,JiHeng Jiang G98263,archive.zip,beg_3248_NF_1650167762.rmv,11,0,1,324,1650167762,
JiHeng Jiang G98263,JiHeng Jiang G98263,archive.zip,beg_3267_NF_1649860384.rmv,14,0,1,326,1649860384,
JiHeng Jiang G98263,JiHeng Jiang G98263,archive.zip,beg_3281_NF_1650167572.rmv,11,0,1,328,1650167572,
JiHeng Jiang G98263,JiHeng Jiang G98263,archive.zip,beg_3306_FL_1650092139.rmv,10,0,0,330,1650092139,
JiHeng Jiang G98263,JiHeng Jiang G98263,archive.zip,beg_3308_NF_1649859654.rmv,15,0,1,330,1649859654,
JiHeng Jiang G98263,JiHeng Jiang G98263,archive.zip,beg_3323_NF_1650167783.rmv,18,0,1,332,1650167783,
JiHeng Jiang G98263,JiHeng Jiang G98263,archive.zip,beg_3338_NF_1649861014.rmv,10,0,1,333,1649861014,
JiHeng Jiang G98263,JiHeng Jiang G98263,archive.zip,beg_3410_FL_1650092134.rmv,9,0,0,341,1650092134,
JiHeng Jiang G98263,JiHeng Jiang G98263,archive.zip,beg_3421_NF_1649860013.rmv,11,0,1,342,1649860013,
JiHeng Jiang G98263,JiHeng Jiang G98263,archive.zip,beg_3427_NF_1649995152.rmv,17,0,1,342,1649995152,
JiHeng Jiang G98263,JiHeng Jiang G98263,archive.zip,beg_3454_NF_1649861358.rmv,19,0,1,345,1649861358,
JiHeng Jiang G98263,JiHeng Jiang G98263,archive.zip,beg_3493_NF_1649862861.rmv,15,0,1,349,1649862861,
JiHeng Jiang G98263,JiHeng Jiang G98263,archive.zip,beg_3578_NF_1649861246.rmv,12,0,1,357,1649861246,
JiHeng Jiang G98263,JiHeng Jiang G98263,archive.zip,beg_3620_NF_1649862956.rmv,12,0,1,362,1649862956,
JiHeng Jiang G98263,JiHeng Jiang G98263,archive.zip,beg_3632_NF_1649860047.rmv,17,0,1,363,1649860047,
JiHeng Jiang G98263,JiHeng Jiang G98263,archive.zip,beg_3675_NF_1649862582.rmv,13,0,1,367,1649862582,
JiHeng Jiang G98263,JiHeng Jiang G98263,archive.zip,beg_3676_NF_1650168022.rmv,12,0,1,367,1650168022,
JiHeng Jiang G98263,JiHeng Jiang G98263,archive.zip,beg_3694_FL_1650092231.rmv,18,0,0,369,1650092231,
JiHeng Jiang G98263,JiHeng Jiang G98263,archive.zip,beg_3720_NF_1649860770.rmv,17,0,1,372,1649860770,
JiHeng Jiang G98263,JiHeng Jiang G98263,archive.zip,beg_3759_FL_1650092022.rmv,15,0,0,375,1650092022,
JiHeng Jiang G98263,JiHeng Jiang G98263,archive.zip,beg_3769_NF_1649861306.rmv,21,0,1,376,1649861306,
JiHeng Jiang G98263,JiHeng Jiang G98263,archive.zip,beg_3790_FL_1649995347.rmv,11,0,0,379,1649995347,
JiHeng Jiang G98263,JiHeng Jiang G98263,archive.zip,beg_3799_NF_1649861375.rmv,16,0,1,379,1649861375,
JiHeng Jiang G98263,JiHeng Jiang G98263,archive.zip,beg_3836_NF_1649860857.rmv,17,0,1,383,1649860857,
JiHeng Jiang G98263,JiHeng Jiang G98263,archive.zip,beg_3837_FL_1649995577.rmv,18,0,0,383,1649995577,
JiHeng Jiang G98263,JiHeng Jiang G98263,archive.zip,beg_3846_NF_1649994858.rmv,15,0,1,384,1649994858,
JiHeng Jiang G98263,JiHeng Jiang G98263,archive.zip,beg_3850_NF_1649860848.rmv,11,0,1,385,1649860848,
JiHeng Jiang G98263,JiHeng Jiang G98263,archive.zip,beg_3860_NF_1649994809.rmv,14,0,1,386,1649994809,
JiHeng Jiang G98263,JiHeng Jiang G98263,archive.zip,beg_3881_NF_1649860376.rmv,16,0,1,388,1649860376,
JiHeng Jiang G98263,JiHeng Jiang G98263,archive.zip,beg_3903_NF_1649860105.rmv,15,0,1,390,1649860105,
JiHeng Jiang G98263,JiHeng Jiang G98263,archive.zip,beg_3948_NF_1649861080.rmv,18,0,1,394,1649861080,
JiHeng Jiang G98263,JiHeng Jiang G98263,archive.zip,beg_3969_NF_1649994591.rmv,14,0,1,396,1649994591,
JiHeng Jiang G98263,JiHeng Jiang G98263,archive.zip,beg_4043_NF_1650167845.rmv,14,0,1,404,1650167845,
JiHeng Jiang G98263,JiHeng Jiang G98263,archive.zip,beg_4058_NF_1649860266.rmv,18,0,1,405,1649860266,
JiHeng Jiang G98263,JiHeng Jiang G98263,archive.zip,beg_4063_NF_1650167855.rmv,19,0,1,406,1650167855,
JiHeng Jiang G98263,JiHeng Jiang G98263,archive.zip,beg_4136_NF_1649859730.rmv,16,0,1,413,1649859730,
JiHeng Jiang G98263,JiHeng Jiang G98263,archive.zip,beg_4144_NF_1649861297.rmv,20,0,1,414,1649861297,
JiHeng Jiang G98263,JiHeng Jiang G98263,archive.zip,beg_4152_FL_1649995365.rmv,19,0,0,415,1649995365,
JiHeng Jiang G98263,JiHeng Jiang G98263,archive.zip,beg_4205_FL_1650092038.rmv,15,0,0,420,1650092038,
JiHeng Jiang G98263,JiHeng Jiang G98263,archive.zip,beg_4206_NF_1649863052.rmv,23,0,1,420,1649863052,
JiHeng Jiang G98263,JiHeng Jiang G98263,archive.zip,beg_4261_NF_1649861034.rmv,13,0,1,426,1649861034,
JiHeng Jiang G98263,JiHeng Jiang G98263,archive.zip,beg_4290_NF_1649861118.rmv,16,0,1,429,1649861118,
JiHeng Jiang G98263,JiHeng Jiang G98263,archive.zip,beg_4321_NF_1649860510.rmv,23,0,1,432,1649860510,
JiHeng Jiang G98263,JiHeng Jiang G98263,archive.zip,beg_4471_NF_1649862966.rmv,22,0,1,447,1649862966,
JiHeng Jiang G98263,JiHeng Jiang G98263,archive.zip,beg_4514_NF_1649860869.rmv,18,0,1,451,1649860869,
JiHeng Jiang G98263,JiHeng Jiang G98263,archive.zip,beg_4600_NF_1649860205.rmv,27,0,1,460,1649860205,
JiHeng Jiang G98263,JiHeng Jiang G98263,archive.zip,beg_4606_FL_1650091883.rmv,25,0,0,460,1650091883,
JiHeng Jiang G98263,JiHeng Jiang G98263,archive.zip,beg_4802_NF_1649995118.rmv,22,0,1,480,1649995118,
JiHeng Jiang G98263,JiHeng Jiang G98263,archive.zip,beg_5046_NF_1649860804.rmv,22,0,1,504,1649860804,
JiHeng Jiang G98263,JiHeng Jiang G98263,archive.zip,beg_5046_NF_1650092254.rmv,22,0,1,504,1650092254,
JiHeng Jiang G98263,JiHeng Jiang G98263,archive.zip,beg_5167_NF_1649994547.rmv,26,0,1,516,1649994547,
JiHeng Jiang G98263,JiHeng Jiang G98263,archive.zip,beg_5286_NF_1649995221.rmv,28,0,1,528,1649995221,
JiHeng Jiang G98263,JiHeng Jiang G98263,archive.zip,beg_5383_NF_1649860345.rmv,25,0,1,538,1649860345,
JiHeng Jiang G98263,JiHeng Jiang G98263,archive.zip,beg_5892_FL_1650092162.rmv,22,0,0,589,1650092162,
JiHeng Jiang G98263,JiHeng Jiang G98263,archive.zip,beg_5954_NF_1649862692.rmv,31,0,1,595,1649862692,
JiHeng Jiang G98263,JiHeng Jiang G98263,archive.zip,int_10818_NF_1650083058.rmv,43,1,1,1081,1650083058,
JiHeng Jiang G98263,JiHeng Jiang G98263,archive.zip,int_11497_NF_1650028042.rmv,50,1,1,1149,1650028042,
JiHeng Jiang G98263,JiHeng Jiang G98263,archive.zip,int_11577_NF_1649943578.rmv,37,1,1,1157,1649943578,
JiHeng Jiang G98263,JiHeng Jiang G98263,archive.zip,int_12276_NF_1649660557.rmv,50,1,1,1227,1649660557,
JiHeng Jiang G98263,JiHeng Jiang G98263,archive.zip,int_12370_NF_1649750605.rmv,51,1,1,1237,1649750605,
JiHeng Jiang G98263,JiHeng Jiang G98263,archive.zip,int_12577_NF_1650028006.rmv,44,1,1,1257,1650028006,
JiHeng Jiang G98263,JiHeng Jiang G98263,archive.zip,int_12595_NF_1650103301.rmv,54,1,1,1259,1650103301,
JiHeng Jiang G98263,JiHeng Jiang G98263,archive.zip,int_12652_NF_1650094401.rmv,48,1,1,1265,1650094401,
JiHeng Jiang G98263,JiHeng Jiang G98263,archive.zip,int_12860_NF_1649994245.rmv,51,1,1,1286,1649994245,
JiHeng Jiang G98263,JiHeng Jiang G98263,archive.zip,int_12884_NF_1649905463.rmv,52,1,1,1288,1649905463,
JiHeng Jiang G98263,JiHeng Jiang G98263,archive.zip,int_12885_NF_1649943418.rmv,42,1,1,1288,1649943418,
JiHeng Jiang G98263,JiHeng Jiang G98263,archive.zip,int_13138_NF_1649848679.rmv,34,1,1,1313,1649848679,
JiHeng Jiang G98263,JiHeng Jiang G98263,archive.zip,int_13168_NF_1650089827.rmv,60,1,1,1316,1650089827,
JiHeng Jiang G98263,JiHeng Jiang G98263,archive.zip,int_13275_NF_1650104467.rmv,54,1,1,1327,1650104467,
JiHeng Jiang G98263,JiHeng Jiang G98263,archive.zip,int_13413_NF_1649758267.rmv,40,1,1,1341,1649758267,
JiHeng Jiang G98263,JiHeng Jiang G98263,archive.zip,int_13438_NF_1650025472.rmv,52,1,1,1343,1650025472,
JiHeng Jiang G98263,JiHeng Jiang G98263,archive.zip,int_13441_NF_1649849969.rmv,48,1,1,1344,1649849969,
JiHeng Jiang G98263,JiHeng Jiang G98263,archive.zip,int_13497_NF_1649943837.rmv,44,1,1,1349,1649943837,
JiHeng Jiang G98263,JiHeng Jiang G98263,archive.zip,int_13525_NF_1650032190.rmv,64,1,1,1352,1650032190,
JiHeng Jiang G98263,JiHeng Jiang G98263,archive.zip,int_13535_NF_1649944071.rmv,49,1,1,1353,1649944071,
JiHeng Jiang G98263,JiHeng Jiang G98263,archive.zip,int_13754_NF_1650028676.rmv,50,1,1,1375,1650028676,
JiHeng Jiang G98263,JiHeng Jiang G98263,archive.zip,int_13796_NF_1650103211.rmv,68,1,1,1379,1650103211,
JiHeng Jiang G98263,JiHeng Jiang G98263,archive.zip,int_13803_NF_1650089448.rmv,47,1,1,1380,1650089448,
JiHeng Jiang G98263,JiHeng Jiang G98263,archive.zip,int_13814_NF_1649994203.rmv,57,1,1,1381,1649994203,
JiHeng Jiang G98263,JiHeng Jiang G98263,archive.zip,int_13831_NF_1650024461.rmv,53,1,1,1383,1650024461,
JiHeng Jiang G98263,JiHeng Jiang G98263,archive.zip,int_14053_NF_1649928130.rmv,59,1,1,1405,1649928130,
JiHeng Jiang G98263,JiHeng Jiang G98263,archive.zip,int_14058_NF_1649758687.rmv,49,1,1,1405,1649758687,
JiHeng Jiang G98263,JiHeng Jiang G98263,archive.zip,int_14122_NF_1649906073.rmv,64,1,1,1412,1649906073,
JiHeng Jiang G98263,JiHeng Jiang G98263,archive.zip,int_14212_NF_1650119025.rmv,54,1,1,1421,1650119025,
JiHeng Jiang G98263,JiHeng Jiang G98263,archive.zip,int_14228_NF_1650105555.rmv,59,1,1,1422,1650105555,
JiHeng Jiang G98263,JiHeng Jiang G98263,archive.zip,int_14313_NF_1649928305.rmv,52,1,1,1431,1649928305,
JiHeng Jiang G98263,JiHeng Jiang G98263,archive.zip,int_14313_NF_1650028618.rmv,58,1,1,1431,1650028618,
JiHeng Jiang G98263,JiHeng Jiang G98263,archive.zip,int_14340_NF_1650087838.rmv,53,1,1,1434,1650087838,
JiHeng Jiang G98263,JiHeng Jiang G98263,archive.zip,int_14341_NF_1649849754.rmv,49,1,1,1434,1649849754,
JiHeng Jiang G98263,JiHeng Jiang G98263,archive.zip,int_14362_NF_1650155925.rmv,65,1,1,1436,1650155925,
JiHeng Jiang G98263,JiHeng Jiang G98263,archive.zip,int_14421_NF_1650006104.rmv,58,1,1,1442,1650006104,
JiHeng Jiang G98263,JiHeng Jiang G98263,archive.zip,int_14458_NF_1650104872.rmv,54,1,1,1445,1650104872,
JiHeng Jiang G98263,JiHeng Jiang G98263,archive.zip,int_14462_NF_1650089057.rmv,59,1,1,1446,1650089057,
JiHeng Jiang G98263,JiHeng Jiang G98263,archive.zip,int_14470_NF_1650091337.rmv,58,1,1,1447,1650091337,
JiHeng Jiang G98263,JiHeng Jiang G98263,archive.zip,int_14503_NF_1650081933.rmv,62,1,1,1450,1650081933,
JiHeng Jiang G98263,JiHeng Jiang G98263,archive.zip,int_14520_NF_1649849899.rmv,63,1,1,1452,1649849899,
JiHeng Jiang G98263,JiHeng Jiang G98263,archive.zip,int_14521_NF_1649769958.rmv,53,1,1,1452,1649769958,
JiHeng Jiang G98263,JiHeng Jiang G98263,archive.zip,int_14578_NF_1650086101.rmv,49,1,1,1457,1650086101,
JiHeng Jiang G98263,JiHeng Jiang G98263,archive.zip,int_14579_NF_1649661108.rmv,58,1,1,1457,1649661108,
JiHeng Jiang G98263,JiHeng Jiang G98263,archive.zip,int_14807_NF_1650102532.rmv,50,1,1,1480,1650102532,
JiHeng Jiang G98263,JiHeng Jiang G98263,archive.zip,int_14829_NF_1650024485.rmv,52,1,1,1482,1650024485,
JiHeng Jiang G98263,JiHeng Jiang G98263,archive.zip,int_14844_NF_1649849221.rmv,65,1,1,1484,1649849221,
JiHeng Jiang G98263,JiHeng Jiang G98263,archive.zip,int_15136_NF_1650029103.rmv,53,1,1,1513,1650029103,
JiHeng Jiang G98263,JiHeng Jiang G98263,archive.zip,int_15146_NF_1650103629.rmv,67,1,1,1514,1650103629,
JiHeng Jiang G98263,JiHeng Jiang G98263,archive.zip,int_15161_NF_1650082212.rmv,55,1,1,1516,1650082212,
JiHeng Jiang G98263,JiHeng Jiang G98263,archive.zip,int_15202_NF_1650005797.rmv,57,1,1,1520,1650005797,
JiHeng Jiang G98263,JiHeng Jiang G98263,archive.zip,int_15203_NF_1649757379.rmv,69,1,1,1520,1649757379,
JiHeng Jiang G98263,JiHeng Jiang G98263,archive.zip,int_15322_NF_1650087878.rmv,54,1,1,1532,1650087878,
JiHeng Jiang G98263,JiHeng Jiang G98263,archive.zip,int_15343_NF_1649759711.rmv,59,1,1,1534,1649759711,
JiHeng Jiang G98263,JiHeng Jiang G98263,archive.zip,int_15356_NF_1650118081.rmv,59,1,1,1535,1650118081,
JiHeng Jiang G98263,JiHeng Jiang G98263,archive.zip,int_15363_NF_1650156212.rmv,63,1,1,1536,1650156212,
JiHeng Jiang G98263,JiHeng Jiang G98263,archive.zip,int_15420_NF_1649993926.rmv,51,1,1,1542,1649993926,
JiHeng Jiang G98263,JiHeng Jiang G98263,archive.zip,int_15432_NF_1649928424.rmv,55,1,1,1543,1649928424,
JiHeng Jiang G98263,JiHeng Jiang G98263,archive.zip,int_15535_NF_1649928232.rmv,56,1,1,1553,1649928232,
JiHeng Jiang G98263,JiHeng Jiang G98263,archive.zip,int_15577_NF_1650025414.rmv,59,1,1,1557,1650025414,
JiHeng Jiang G98263,JiHeng Jiang G98263,archive.zip,int_15587_NF_1650119610.rmv,66,1,1,1558,1650119610,
JiHeng Jiang G98263,JiHeng Jiang G98263,archive.zip,int_15669_NF_1650028917.rmv,59,1,1,1566,1650028917,
JiHeng Jiang G98263,JiHeng Jiang G98263,archive.zip,int_15709_NF_1650028639.rmv,64,1,1,1570,1650028639,
JiHeng Jiang G98263,JiHeng Jiang G98263,archive.zip,int_15713_NF_1649770028.rmv,56,1,1,1571,1649770028,
JiHeng Jiang G98263,JiHeng Jiang G98263,archive.zip,int_15817_NF_1649848050.rmv,63,1,1,1581,1649848050,
JiHeng Jiang G98263,JiHeng Jiang G98263,archive.zip,int_15919_NF_1649661470.rmv,65,1,1,1591,1649661470,
JiHeng Jiang G98263,JiHeng Jiang G98263,archive.zip,int_15936_NF_1650102098.rmv,70,1,1,1593,1650102098,
JiHeng Jiang G98263,JiHeng Jiang G98263,archive.zip,int_15944_NF_1650102183.rmv,52,1,1,1594,1650102183,
JiHeng Jiang G98263,JiHeng Jiang G98263,archive.zip,int_16044_NF_1649905156.rmv,69,1,1,1604,1649905156,
JiHeng Jiang G98263,JiHeng Jiang G98263,archive.zip,int_16104_NF_1650025384.rmv,65,1,1,1610,1650025384,
JiHeng Jiang G98263,JiHeng Jiang G98263,archive.zip,int_16192_NF_1650155539.rmv,66,1,1,1619,1650155539,
JiHeng Jiang G98263,JiHeng Jiang G98263,archive.zip,int_16249_NF_1650082539.rmv,60,1,1,1624,1650082539,
JiHeng Jiang G98263,JiHeng Jiang G98263,archive.zip,int_16253_NF_1650090073.rmv,66,1,1,1625,1650090073,
JiHeng Jiang G98263,JiHeng Jiang G98263,archive.zip,int_16270_NF_1650093747.rmv,71,1,1,1627,1650093747,
JiHeng Jiang G98263,JiHeng Jiang G98263,archive.zip,int_16281_NF_1649943811.rmv,58,1,1,1628,1649943811,
JiHeng Jiang G98263,JiHeng Jiang G98263,archive.zip,int_16336_NF_1650090579.rmv,67,1,1,1633,1650090579,
JiHeng Jiang G98263,JiHeng Jiang G98263,archive.zip,int_16492_NF_1650119354.rmv,63,1,1,1649,1650119354,
JiHeng Jiang G98263,JiHeng Jiang G98263,archive.zip,int_16498_NF_1650118639.rmv,66,1,1,1649,1650118639,
JiHeng Jiang G98263,JiHeng Jiang G98263,archive.zip,int_16602_NF_1650155867.rmv,61,1,1,1660,1650155867,
JiHeng Jiang G98263,JiHeng Jiang G98263,archive.zip,int_16652_NF_1649929469.rmv,63,1,1,1665,1649929469,
JiHeng Jiang G98263,JiHeng Jiang G98263,archive.zip,int_16906_NF_1649944307.rmv,68,1,1,1690,1649944307,
JiHeng Jiang G98263,JiHeng Jiang G98263,archive.zip,int_16948_NF_1650103552.rmv,63,1,1,1694,1650103552,
JiHeng Jiang G98263,JiHeng Jiang G98263,archive.zip,int_17026_NF_1650091554.rmv,68,1,1,1702,1650091554,
JiHeng Jiang G98263,JiHeng Jiang G98263,archive.zip,int_17070_NF_1650104032.rmv,64,1,1,1707,1650104032,
JiHeng Jiang G98263,JiHeng Jiang G98263,archive.zip,int_17100_NF_1649751784.rmv,55,1,1,1710,1649751784,
JiHeng Jiang G98263,JiHeng Jiang G98263,archive.zip,int_17135_NF_1649758546.rmv,71,1,1,1713,1649758546,
JiHeng Jiang G98263,JiHeng Jiang G98263,archive.zip,int_17140_NF_1649751153.rmv,76,1,1,1714,1649751153,
JiHeng Jiang G98263,JiHeng Jiang G98263,archive.zip,int_17151_NF_1649849185.rmv,67,1,1,1715,1649849185,
JiHeng Jiang G98263,JiHeng Jiang G98263,archive.zip,int_17153_NF_1650028504.rmv,59,1,1,1715,1650028504,
JiHeng Jiang G98263,JiHeng Jiang G98263,archive.zip,int_17216_NF_1649847733.rmv,54,1,1,1721,1649847733,
JiHeng Jiang G98263,JiHeng Jiang G98263,archive.zip,int_17256_NF_1649906460.rmv,68,1,1,1725,1649906460,
JiHeng Jiang G98263,JiHeng Jiang G98263,archive.zip,int_17347_NF_1650084148.rmv,73,1,1,1734,1650084148,
JiHeng Jiang G98263,JiHeng Jiang G98263,archive.zip,int_17372_NF_1650083558.rmv,63,1,1,1737,1650083558,
JiHeng Jiang G98263,JiHeng Jiang G98263,archive.zip,int_17401_NF_1650028439.rmv,77,1,1,1740,1650028439,
JiHeng Jiang G98263,JiHeng Jiang G98263,archive.zip,int_17582_NF_1650087260.rmv,79,1,1,1758,1650087260,
JiHeng Jiang G98263,JiHeng Jiang G98263,archive.zip,int_17597_NF_1650082310.rmv,83,1,1,1759,1650082310,
JiHeng Jiang G98263,JiHeng Jiang G98263,archive.zip,int_17615_NF_1649945169.rmv,82,1,1,1761,1649945169,
JiHeng Jiang G98263,JiHeng Jiang G98263,archive.zip,int_17628_NF_1650028691.rmv,66,1,1,1762,1650028691,
JiHeng Jiang G98263,JiHeng Jiang G98263,archive.zip,int_17787_NF_1649905830.rmv,71,1,1,1778,1649905830,
JiHeng Jiang G98263,JiHeng Jiang G98263,archive.zip,int_17790_NF_1650031604.rmv,76,1,1,1779,1650031604,
JiHeng Jiang G98263,JiHeng Jiang G98263,archive.zip,int_17989_NF_1650117380.rmv,66,1,1,1798,1650117380,
JiHeng Jiang G98263,JiHeng Jiang G98263,archive.zip,int_18024_NF_1650085936.rmv,79,1,1,1802,1650085936,
JiHeng Jiang G98263,JiHeng Jiang G98263,archive.zip,int_18783_NF_1650027141.rmv,84,1,1,1878,1650027141,
JiHeng Jiang G98263,JiHeng Jiang G98263,archive.zip,int_18904_NF_1649850208.rmv,73,1,1,1890,1649850208,
JiHeng Jiang G98263,JiHeng Jiang G98263,archive.zip,int_19337_NF_1649945031.rmv,80,1,1,1933,1649945031,
JiHeng Jiang G98263,JiHeng Jiang G98263,archive.zip,int_19578_NF_1650024243.rmv,86,1,1,1957,1650024243,
JiHeng Jiang G98263,JiHeng Jiang G98263,archive.zip,int_19579_NF_1650024917.rmv,87,1,1,1957,1650024917,
JiHeng Jiang G98263,JiHeng Jiang G98263,archive.zip,int_8723_NF_1649751264.rmv,30,1,1,872,1649751264,
JiHeng Jiang G98263,JiHeng Jiang G98263,archive.zip,int_9958_NF_1649943348.rmv,36,1,1,995,1649943348,
